{
  "post": [
    {
      "id": "post0001",
      "link": "../posts/03_standard_post.html",
      "img": "../assets/img/blog/19_blog_img_1.jpg",
      "category": "Updates",
      "type": "updates",
      "date": "March 22, 2018",
      "title": "Sigma PRO 3.1.5 update, news and support",
      "preview": "Lorem ipsum dolor sit amet, consectetur adipiscing elit. Sed dignissim eleifend vulputate. Cras molestie tellus id lacinia laoreet. Vestibulum rhoncus rhoncus sagittis. Curabitur ullamcorper dignissim lectus in sollicitudin.",
      "views": 149,
      "comments": 6,
      "likes": 56
    },
    {
      "id": "post0002",
      "link": "../posts/01_video_post.html",
      "img": "../assets/img/blog/19_blog_img_2.jpg",
      "category": "Tutorials",
      "type": "tutorials",
      "date": "March 15, 2018",
      "title": "How to Setup Sigma in 10 minutes (Video Tutorial)",
      "preview": "Lorem ipsum dolor sit amet, consectetur adipiscing elit. Sed dignissim eleifend vulputate. Cras molestie tellus id lacinia laoreet. Vestibulum rhoncus rhoncus sagittis. Curabitur ullamcorper dignissim lectus in sollicitudin. Morbi venenatis est ac nunc hendrerit, sed semper orci rutrum.",
      "views": 187,
      "comments": 0,
      "likes": 73
    },
    {
      "id": "post0003",
      "link": "../posts/02_gallery_post.html",
      "img": "../assets/img/blog/19_blog_img_3.jpg",
      "category": "Updates",
      "type": "updates",
      "date": "March 03, 2018",
      "title": "Sigma API Released v 3.0.2, Change IP Address Feature",
      "preview": "Lorem ipsum dolor sit amet, consectetur adipiscing elit. Sed dignissim eleifend vulputate. Cras molestie tellus id lacinia laoreet. Vestibulum rhoncus rhoncus sagittis. Curabitur ullamcorper dignissim lectus in sollicitudin. Morbi venenatis est ac nunc hendrerit, sed semper orci rutrum. Curabitur nulla ante, imperdiet sed...",
      "views": 214,
      "comments": 0,
      "likes": 103
    },
    {
      "id": "post0004",
      "link": "../posts/03_standard_post.html",
      "img": "../assets/img/blog/19_blog_img_4.jpg",
      "category": "Our Platform",
      "type": "our_platform",
      "date": "February 12, 2018",
      "title": "7 useful features on Sigma PRO you should be using everyday",
      "preview": "Lorem ipsum dolor sit amet, consectetur adipiscing elit. Sed dignissim eleifend vulputate. Cras molestie tellus id lacinia laoreet. Vestibulum rhoncus rhoncus sagittis.",
      "views": 364,
      "comments": 15,
      "likes": 145
    },
    {
      "id": "post0005",
      "link": "../posts/01_video_post.html",
      "img": "../assets/img/blog/19_blog_img_5.jpg",
      "category": "Tutorials",
      "type": "tutorials",
      "date": "February 01, 2018",
      "title": "Creating a superuser on your Sigma managed servers",
      "preview": "Lorem ipsum dolor sit amet, consectetur adipiscing elit. Sed dignissim eleifend vulputate. Cras molestie tellus id lacinia laoreet. Vestibulum rhoncus rhoncus sagittis. Curabitur ullamcorper dignissim lectus in sollicitudin. Morbi venenatis est ac nunc hendrerit, sed semper orci rutrum.",
      "views": 397,
      "comments": 27,
      "likes": 186
    },
    {
      "id": "post0006",
      "link": "../posts/02_gallery_post.html",
      "img": "../assets/img/blog/19_blog_img_6.jpg",
      "category": "Tutorials",
      "type": "tutorials",
      "date": "January 19, 2018",
      "title": "4 quick steps to backup web applications easily with Sigma PRO",
      "preview": "Lorem ipsum dolor sit amet, consectetur adipiscing elit. Sed dignissim eleifend vulputate. Cras molestie tellus id lacinia laoreet. Vestibulum rhoncus rhoncus sagittis.",
      "views": 412,
      "comments": 21,
      "likes": 154
    },
    {
      "id": "post0007",
      "link": "../posts/03_standard_post.html",
      "img": "../assets/img/blog/19_blog_img_7.jpg",
      "category": "Tutorials",
      "type": "tutorials",
      "date": "December 21, 2017",
      "title": "How to install WordPress with Sigma",
      "preview": "Lorem ipsum dolor sit amet, consectetur adipiscing elit. Sed dignissim eleifend vulputate. Cras molestie tellus id lacinia laoreet. Vestibulum rhoncus rhoncus sagittis.",
      "views": 437,
      "comments": 16,
      "likes": 103
    },
    {
      "id": "post0008",
      "link": "../posts/01_video_post.html",
      "img": "../assets/img/blog/20_blog_img_1.jpg",
      "category": "Updates",
      "type": "updates",
      "date": "December 16, 2017",
      "title": "Package update and Sigma PRO 2.8.0",
      "preview": "Lorem ipsum dolor sit amet, consectetur adipiscing elit. Sed dignissim eleifend vulputate. Cras molestie tellus id lacinia laoreet. Vestibulum rhoncus rhoncus sagittis. Curabitur ullamcorper dignissim lectus in sollicitudin. Morbi venenatis est ac nunc hendrerit, sed semper orci rutrum.",
      "views": 187,
      "comments": 9,
      "likes": 73
    },
    {
      "id": "post0009",
      "link": "../posts/03_standard_post.html",
      "img": "../assets/img/blog/20_blog_img_2.jpg",
      "category": "Updates",
      "type": "updates",
      "date": "December 04, 2017",
      "title": "Introducing Sigma Backup and PRO 2.7.5 Changelog",
      "preview": "Lorem ipsum dolor sit amet, consectetur adipiscing elit. Sed dignissim eleifend vulputate. Cras molestie tellus id lacinia laoreet. Vestibulum rhoncus rhoncus sagittis. Curabitur ullamcorper dignissim lectus in sollicitudin. Morbi venenatis est ac nunc hendrerit, sed semper orci rutrum. Curabitur nulla ante, imperdiet sed...",
      "views": 214,
      "comments": 11,
      "likes": 103
    },
    {
      "id": "post0010",
      "link": "../posts/02_gallery_post.html",
      "img": "../assets/img/blog/20_blog_img_3.jpg",
      "category": "Our Platform",
      "type": "our_platform",
      "date": "November 23, 2017",
      "title": "Introducing Sigma referral program",
      "preview": "Lorem ipsum dolor sit amet, consectetur adipiscing elit. Sed dignissim eleifend vulputate. Cras molestie tellus id lacinia laoreet. Vestibulum rhoncus rhoncus sagittis.",
      "views": 364,
      "comments": 15,
      "likes": 145
    },
    {
      "id": "post0011",
      "link": "../posts/01_video_post.html",
      "img": "../assets/img/blog/20_blog_img_4.jpg",
      "category": "Tutorials",
      "type": "tutorials",
      "date": "November 18, 2017",
      "title": "How to easily install phpMyAdmin on Sigma",
      "preview": "Lorem ipsum dolor sit amet, consectetur adipiscing elit. Sed dignissim eleifend vulputate. Cras molestie tellus id lacinia laoreet. Vestibulum rhoncus rhoncus sagittis. Curabitur ullamcorper dignissim lectus in sollicitudin. Morbi venenatis est ac nunc hendrerit, sed semper orci rutrum.",
      "views": 397,
      "comments": 27,
      "likes": 186
    },
    {
      "id": "post0012",
      "link": "../posts/03_standard_post.html",
      "img": "../assets/img/blog/20_blog_img_5.jpg",
      "category": "Tutorials",
      "type": "tutorials",
      "date": "November 02, 2017",
      "title": "Transfer Server To Another Account",
      "preview": "Lorem ipsum dolor sit amet, consectetur adipiscing elit. Sed dignissim eleifend vulputate. Cras molestie tellus id lacinia laoreet. Vestibulum rhoncus rhoncus sagittis.",
      "views": 412,
      "comments": 21,
      "likes": 154
    },
    {
      "id": "post0013",
      "link": "../posts/01_video_post.html",
      "img": "../assets/img/blog/20_blog_img_6.jpg",
      "category": "Updates",
      "type": "updates",
      "date": "October 26, 2017",
      "title": "Sigma PRO Update 2.4.0 (Major Updates)",
      "preview": "Lorem ipsum dolor sit amet, consectetur adipiscing elit. Sed dignissim eleifend vulputate. Cras molestie tellus id lacinia laoreet. Vestibulum rhoncus rhoncus sagittis. Curabitur ullamcorper dignissim lectus in sollicitudin. Morbi venenatis est ac nunc hendrerit, sed semper orci rutrum.",
      "views": 397,
      "comments": 27,
      "likes": 186
    },


    {
      "id": "post0014",
      "link": "../posts/03_standard_post.html",
      "img": "../assets/img/blog/20_blog_img_2.jpg",
      "category": "Changelog",
      "type": "changelog",
      "date": "September 04, 2017",
      "title": "Introducing Sigma Backup and PRO 2.7.5 Changelog",
      "preview": "Lorem ipsum dolor sit amet, consectetur adipiscing elit. Sed dignissim eleifend vulputate. Cras molestie tellus id lacinia laoreet. Vestibulum rhoncus rhoncus sagittis. Curabitur ullamcorper dignissim lectus in sollicitudin. Morbi venenatis est ac nunc hendrerit, sed semper orci rutrum. Curabitur nulla ante, imperdiet sed...",
      "views": 214,
      "comments": 11,
      "likes": 103
    },
    {
      "id": "post0015",
      "link": "../posts/02_gallery_post.html",
      "img": "../assets/img/blog/20_blog_img_3.jpg",
      "category": "Our Platform",
      "type": "our_platform",
      "date": "September 23, 2017",
      "title": "Introducing Sigma referral program",
      "preview": "Lorem ipsum dolor sit amet, consectetur adipiscing elit. Sed dignissim eleifend vulputate. Cras molestie tellus id lacinia laoreet. Vestibulum rhoncus rhoncus sagittis.",
      "views": 364,
      "comments": 15,
      "likes": 145
    },
    {
      "id": "post0016",
      "link": "../posts/01_video_post.html",
      "img": "../assets/img/blog/20_blog_img_4.jpg",
      "category": "Changelog",
      "type": "changelog",
      "date": "September 18, 2017",
      "title": "How to easily install phpMyAdmin on Sigma",
      "preview": "Lorem ipsum dolor sit amet, consectetur adipiscing elit. Sed dignissim eleifend vulputate. Cras molestie tellus id lacinia laoreet. Vestibulum rhoncus rhoncus sagittis. Curabitur ullamcorper dignissim lectus in sollicitudin. Morbi venenatis est ac nunc hendrerit, sed semper orci rutrum.",
      "views": 397,
      "comments": 27,
      "likes": 186
    },
    {
      "id": "post00017",
      "link": "../posts/01_video_post.html",
      "img": "../assets/img/blog/20_blog_img_1.jpg",
      "category": "Security",
      "type": "security",
      "date": "September 16, 2017",
      "title": "Package update and Sigma PRO 2.8.0",
      "preview": "Lorem ipsum dolor sit amet, consectetur adipiscing elit. Sed dignissim eleifend vulputate. Cras molestie tellus id lacinia laoreet. Vestibulum rhoncus rhoncus sagittis. Curabitur ullamcorper dignissim lectus in sollicitudin. Morbi venenatis est ac nunc hendrerit, sed semper orci rutrum.",
      "views": 187,
      "comments": 9,
      "likes": 73
    },
    {
      "id": "post0018",
      "link": "../posts/03_standard_post.html",
      "img": "../assets/img/blog/20_blog_img_5.jpg",
      "category": "Tutorials",
      "type": "tutorials",
      "date": "September 02, 2017",
      "title": "Transfer Server To Another Account",
      "preview": "Lorem ipsum dolor sit amet, consectetur adipiscing elit. Sed dignissim eleifend vulputate. Cras molestie tellus id lacinia laoreet. Vestibulum rhoncus rhoncus sagittis.",
      "views": 412,
      "comments": 21,
      "likes": 154
    },
    {
      "id": "post0019",
      "link": "../posts/01_video_post.html",
      "img": "../assets/img/blog/20_blog_img_6.jpg",
      "category": "Updates",
      "type": "updates",
      "date": "September 26, 2017",
      "title": "Sigma PRO Update 2.4.0 (Major Updates)",
      "preview": "Lorem ipsum dolor sit amet, consectetur adipiscing elit. Sed dignissim eleifend vulputate. Cras molestie tellus id lacinia laoreet. Vestibulum rhoncus rhoncus sagittis. Curabitur ullamcorper dignissim lectus in sollicitudin. Morbi venenatis est ac nunc hendrerit, sed semper orci rutrum.",
      "views": 397,
      "comments": 27,
      "likes": 186
    },
    {
      "id": "post0020",
      "link": "../posts/03_standard_post.html",
      "img": "../assets/img/blog/20_blog_img_2.jpg",
      "category": "Updates",
      "type": "updates",
      "date": "September 04, 2017",
      "title": "Introducing Sigma Backup and PRO 2.7.5 Changelog",
      "preview": "Lorem ipsum dolor sit amet, consectetur adipiscing elit. Sed dignissim eleifend vulputate. Cras molestie tellus id lacinia laoreet. Vestibulum rhoncus rhoncus sagittis. Curabitur ullamcorper dignissim lectus in sollicitudin. Morbi venenatis est ac nunc hendrerit, sed semper orci rutrum. Curabitur nulla ante, imperdiet sed...",
      "views": 214,
      "comments": 11,
      "likes": 103
    },
    {
      "id": "post0021",
      "link": "../posts/02_gallery_post.html",
      "img": "../assets/img/blog/20_blog_img_3.jpg",
      "category": "Changelog",
      "type": "changelog",
      "date": "September 23, 2017",
      "title": "Introducing Sigma referral program",
      "preview": "Lorem ipsum dolor sit amet, consectetur adipiscing elit. Sed dignissim eleifend vulputate. Cras molestie tellus id lacinia laoreet. Vestibulum rhoncus rhoncus sagittis.",
      "views": 364,
      "comments": 15,
      "likes": 145
    },
    {
      "id": "post0022",
      "link": "../posts/03_standard_post.html",
      "img": "../assets/img/blog/20_blog_img_2.jpg",
      "category": "Security",
      "type": "security",
      "date": "September 04, 2017",
      "title": "Introducing Sigma Backup and PRO 2.7.5 Changelog",
      "preview": "Lorem ipsum dolor sit amet, consectetur adipiscing elit. Sed dignissim eleifend vulputate. Cras molestie tellus id lacinia laoreet. Vestibulum rhoncus rhoncus sagittis. Curabitur ullamcorper dignissim lectus in sollicitudin. Morbi venenatis est ac nunc hendrerit, sed semper orci rutrum. Curabitur nulla ante, imperdiet sed...",
      "views": 214,
      "comments": 11,
      "likes": 103
    },
    {
      "id": "post0023",
      "link": "../posts/01_video_post.html",
      "img": "../assets/img/blog/20_blog_img_4.jpg",
      "category": "Our Platform",
      "type": "our_platform",
      "date": "September 18, 2017",
      "title": "How to easily install phpMyAdmin on Sigma",
      "preview": "Lorem ipsum dolor sit amet, consectetur adipiscing elit. Sed dignissim eleifend vulputate. Cras molestie tellus id lacinia laoreet. Vestibulum rhoncus rhoncus sagittis. Curabitur ullamcorper dignissim lectus in sollicitudin. Morbi venenatis est ac nunc hendrerit, sed semper orci rutrum.",
      "views": 397,
      "comments": 27,
      "likes": 186
    },
    {
      "id": "post0024",
      "link": "../posts/02_gallery_post.html",
      "img": "../assets/img/blog/20_blog_img_3.jpg",
      "category": "Security",
      "type": "security",
      "date": "September 23, 2017",
      "title": "Introducing Sigma referral program",
      "preview": "Lorem ipsum dolor sit amet, consectetur adipiscing elit. Sed dignissim eleifend vulputate. Cras molestie tellus id lacinia laoreet. Vestibulum rhoncus rhoncus sagittis.",
      "views": 364,
      "comments": 15,
      "likes": 145
    },
    {
      "id": "post0025",
      "link": "../posts/03_standard_post.html",
      "img": "../assets/img/blog/20_blog_img_5.jpg",
      "category": "Changelog",
      "type": "changelog",
      "date": "September 02, 2017",
      "title": "Transfer Server To Another Account",
      "preview": "Lorem ipsum dolor sit amet, consectetur adipiscing elit. Sed dignissim eleifend vulputate. Cras molestie tellus id lacinia laoreet. Vestibulum rhoncus rhoncus sagittis.",
      "views": 412,
      "comments": 21,
      "likes": 154
    },
    {
      "id": "post0026",
      "link": "../posts/01_video_post.html",
      "img": "../assets/img/blog/20_blog_img_6.jpg",
      "category": "Changelog",
      "type": "changelog",
      "date": "September 26, 2017",
      "title": "Sigma PRO Update 2.4.0 (Major Updates)",
      "preview": "Lorem ipsum dolor sit amet, consectetur adipiscing elit. Sed dignissim eleifend vulputate. Cras molestie tellus id lacinia laoreet. Vestibulum rhoncus rhoncus sagittis. Curabitur ullamcorper dignissim lectus in sollicitudin. Morbi venenatis est ac nunc hendrerit, sed semper orci rutrum.",
      "views": 397,
      "comments": 27,
      "likes": 186
    },
    {
      "id": "post0027",
      "link": "../posts/03_standard_post.html",
      "img": "../assets/img/blog/19_blog_img_1.jpg",
      "category": "Our Platform",
      "type": "our_platform",
      "date": "September 22, 2018",
      "title": "Sigma PRO 3.1.5 update, news and support",
      "preview": "Lorem ipsum dolor sit amet, consectetur adipiscing elit. Sed dignissim eleifend vulputate. Cras molestie tellus id lacinia laoreet. Vestibulum rhoncus rhoncus sagittis. Curabitur ullamcorper dignissim lectus in sollicitudin.",
      "views": 149,
      "comments": 6,
      "likes": 56
    },
    {
      "id": "post0028",
      "link": "../posts/01_video_post.html",
      "img": "../assets/img/blog/19_blog_img_2.jpg",
      "category": "Tutorials",
      "type": "tutorials",
      "date": "September 15, 2018",
      "title": "How to Setup Sigma in 10 minutes (Video Tutorial)",
      "preview": "Lorem ipsum dolor sit amet, consectetur adipiscing elit. Sed dignissim eleifend vulputate. Cras molestie tellus id lacinia laoreet. Vestibulum rhoncus rhoncus sagittis. Curabitur ullamcorper dignissim lectus in sollicitudin. Morbi venenatis est ac nunc hendrerit, sed semper orci rutrum.",
      "views": 187,
      "comments": 0,
      "likes": 73
    },
    {
      "id": "post0029",
      "link": "../posts/02_gallery_post.html",
      "img": "../assets/img/blog/19_blog_img_3.jpg",
      "category": "Updates",
      "type": "updates",
      "date": "September 03, 2018",
      "title": "Sigma API Released v 3.0.2, Change IP Address Feature",
      "preview": "Lorem ipsum dolor sit amet, consectetur adipiscing elit. Sed dignissim eleifend vulputate. Cras molestie tellus id lacinia laoreet. Vestibulum rhoncus rhoncus sagittis. Curabitur ullamcorper dignissim lectus in sollicitudin. Morbi venenatis est ac nunc hendrerit, sed semper orci rutrum. Curabitur nulla ante, imperdiet sed...",
      "views": 214,
      "comments": 0,
      "likes": 103
    },
    {
      "id": "post0030",
      "link": "../posts/03_standard_post.html",
      "img": "../assets/img/blog/19_blog_img_4.jpg",
      "category": "Our Platform",
      "type": "our_platform",
      "date": "September 12, 2018",
      "title": "7 useful features on Sigma PRO you should be using everyday",
      "preview": "Lorem ipsum dolor sit amet, consectetur adipiscing elit. Sed dignissim eleifend vulputate. Cras molestie tellus id lacinia laoreet. Vestibulum rhoncus rhoncus sagittis.",
      "views": 364,
      "comments": 15,
      "likes": 145
    },
    {
      "id": "post0031",
      "link": "../posts/01_video_post.html",
      "img": "../assets/img/blog/19_blog_img_5.jpg",
      "category": "Tutorials",
      "type": "tutorials",
      "date": "September 01, 2018",
      "title": "Creating a superuser on your Sigma managed servers",
      "preview": "Lorem ipsum dolor sit amet, consectetur adipiscing elit. Sed dignissim eleifend vulputate. Cras molestie tellus id lacinia laoreet. Vestibulum rhoncus rhoncus sagittis. Curabitur ullamcorper dignissim lectus in sollicitudin. Morbi venenatis est ac nunc hendrerit, sed semper orci rutrum.",
      "views": 397,
      "comments": 27,
      "likes": 186
    },
    {
      "id": "post0032",
      "link": "../posts/02_gallery_post.html",
      "img": "../assets/img/blog/19_blog_img_6.jpg",
      "category": "Tutorials",
      "type": "tutorials",
      "date": "September 19, 2018",
      "title": "4 quick steps to backup web applications easily with Sigma PRO",
      "preview": "Lorem ipsum dolor sit amet, consectetur adipiscing elit. Sed dignissim eleifend vulputate. Cras molestie tellus id lacinia laoreet. Vestibulum rhoncus rhoncus sagittis.",
      "views": 412,
      "comments": 21,
      "likes": 154
    },
    {
      "id": "post0033",
      "link": "../posts/03_standard_post.html",
      "img": "../assets/img/blog/20_blog_img_2.jpg",
      "category": "Security",
      "type": "security",
      "date": "September 04, 2017",
      "title": "Introducing Sigma Backup and PRO 2.7.5 Changelog",
      "preview": "Lorem ipsum dolor sit amet, consectetur adipiscing elit. Sed dignissim eleifend vulputate. Cras molestie tellus id lacinia laoreet. Vestibulum rhoncus rhoncus sagittis. Curabitur ullamcorper dignissim lectus in sollicitudin. Morbi venenatis est ac nunc hendrerit, sed semper orci rutrum. Curabitur nulla ante, imperdiet sed...",
      "views": 214,
      "comments": 11,
      "likes": 103
    },
    {
      "id": "post0034",
      "link": "../posts/03_standard_post.html",
      "img": "../assets/img/blog/20_blog_img_2.jpg",
      "category": "Updates",
      "type": "updates",
      "date": "September 04, 2017",
      "title": "Introducing Sigma Backup and PRO 2.7.5 Changelog",
      "preview": "Lorem ipsum dolor sit amet, consectetur adipiscing elit. Sed dignissim eleifend vulputate. Cras molestie tellus id lacinia laoreet. Vestibulum rhoncus rhoncus sagittis. Curabitur ullamcorper dignissim lectus in sollicitudin. Morbi venenatis est ac nunc hendrerit, sed semper orci rutrum. Curabitur nulla ante, imperdiet sed...",
      "views": 214,
      "comments": 11,
      "likes": 103
    },
    {
      "id": "post0035",
      "link": "../posts/03_standard_post.html",
      "img": "../assets/img/blog/19_blog_img_7.jpg",
      "category": "Tutorials",
      "type": "tutorials",
      "date": "September 21, 2017",
      "title": "How to install WordPress with Sigma",
      "preview": "Lorem ipsum dolor sit amet, consectetur adipiscing elit. Sed dignissim eleifend vulputate. Cras molestie tellus id lacinia laoreet. Vestibulum rhoncus rhoncus sagittis.",
      "views": 437,
      "comments": 16,
      "likes": 103
    },
    {
      "id": "post0036",
      "link": "../posts/01_video_post.html",
      "img": "../assets/img/blog/20_blog_img_1.jpg",
      "category": "Our Platform",
      "type": "our_platform",
      "date": "September 16, 2017",
      "title": "Package update and Sigma PRO 2.8.0",
      "preview": "Lorem ipsum dolor sit amet, consectetur adipiscing elit. Sed dignissim eleifend vulputate. Cras molestie tellus id lacinia laoreet. Vestibulum rhoncus rhoncus sagittis. Curabitur ullamcorper dignissim lectus in sollicitudin. Morbi venenatis est ac nunc hendrerit, sed semper orci rutrum.",
      "views": 187,
      "comments": 9,
      "likes": 73
    },
    {
      "id": "post0037",
      "link": "../posts/03_standard_post.html",
      "img": "../assets/img/blog/20_blog_img_2.jpg",
      "category": "Updates",
      "type": "updates",
      "date": "September 04, 2017",
      "title": "Introducing Sigma Backup and PRO 2.7.5 Changelog",
      "preview": "Lorem ipsum dolor sit amet, consectetur adipiscing elit. Sed dignissim eleifend vulputate. Cras molestie tellus id lacinia laoreet. Vestibulum rhoncus rhoncus sagittis. Curabitur ullamcorper dignissim lectus in sollicitudin. Morbi venenatis est ac nunc hendrerit, sed semper orci rutrum. Curabitur nulla ante, imperdiet sed...",
      "views": 214,
      "comments": 11,
      "likes": 103
    },
    {
      "id": "post0038",
      "link": "../posts/02_gallery_post.html",
      "img": "../assets/img/blog/20_blog_img_3.jpg",
      "category": "Our Platform",
      "type": "our_platform",
      "date": "September 23, 2017",
      "title": "Introducing Sigma referral program",
      "preview": "Lorem ipsum dolor sit amet, consectetur adipiscing elit. Sed dignissim eleifend vulputate. Cras molestie tellus id lacinia laoreet. Vestibulum rhoncus rhoncus sagittis.",
      "views": 364,
      "comments": 15,
      "likes": 145
    },
    {
      "id": "post0039",
      "link": "../posts/01_video_post.html",
      "img": "../assets/img/blog/20_blog_img_4.jpg",
      "category": "Tutorials",
      "type": "tutorials",
      "date": "September 18, 2017",
      "title": "How to easily install phpMyAdmin on Sigma",
      "preview": "Lorem ipsum dolor sit amet, consectetur adipiscing elit. Sed dignissim eleifend vulputate. Cras molestie tellus id lacinia laoreet. Vestibulum rhoncus rhoncus sagittis. Curabitur ullamcorper dignissim lectus in sollicitudin. Morbi venenatis est ac nunc hendrerit, sed semper orci rutrum.",
      "views": 397,
      "comments": 27,
      "likes": 186
    },
    {
      "id": "post0040",
      "link": "../posts/03_standard_post.html",
      "img": "../assets/img/blog/20_blog_img_5.jpg",
      "category": "Our Platform",
      "type": "our_platform",
      "date": "September 02, 2017",
      "title": "Transfer Server To Another Account",
      "preview": "Lorem ipsum dolor sit amet, consectetur adipiscing elit. Sed dignissim eleifend vulputate. Cras molestie tellus id lacinia laoreet. Vestibulum rhoncus rhoncus sagittis.",
      "views": 412,
      "comments": 21,
      "likes": 154
    },
    {
      "id": "post0041",
      "link": "../posts/02_gallery_post.html",
      "img": "../assets/img/blog/19_blog_img_6.jpg",
      "category": "Security",
      "type": "security",
      "date": "September 19, 2018",
      "title": "4 quick steps to backup web applications easily with Sigma PRO",
      "preview": "Lorem ipsum dolor sit amet, consectetur adipiscing elit. Sed dignissim eleifend vulputate. Cras molestie tellus id lacinia laoreet. Vestibulum rhoncus rhoncus sagittis.",
      "views": 412,
      "comments": 21,
      "likes": 154
    },
    {
      "id": "post0042",
      "link": "../posts/01_video_post.html",
      "img": "../assets/img/blog/20_blog_img_6.jpg",
      "category": "Our Platform",
      "type": "our_platform",
      "date": "September 26, 2017",
      "title": "Sigma PRO Update 2.4.0 (Major Updates)",
      "preview": "Lorem ipsum dolor sit amet, consectetur adipiscing elit. Sed dignissim eleifend vulputate. Cras molestie tellus id lacinia laoreet. Vestibulum rhoncus rhoncus sagittis. Curabitur ullamcorper dignissim lectus in sollicitudin. Morbi venenatis est ac nunc hendrerit, sed semper orci rutrum.",
      "views": 397,
      "comments": 27,
      "likes": 186
    },
    {
      "id": "post0043",
      "link": "../posts/03_standard_post.html",
      "img": "../assets/img/blog/19_blog_img_4.jpg",
      "category": "Updates",
      "type": "updates",
      "date": "September 12, 2018",
      "title": "7 useful features on Sigma PRO you should be using everyday",
      "preview": "Lorem ipsum dolor sit amet, consectetur adipiscing elit. Sed dignissim eleifend vulputate. Cras molestie tellus id lacinia laoreet. Vestibulum rhoncus rhoncus sagittis.",
      "views": 364,
      "comments": 15,
      "likes": 145
    },
    {
      "id": "post0044",
      "link": "../posts/03_standard_post.html",
      "img": "../assets/img/blog/19_blog_img_1.jpg",
      "category": "Updates",
      "type": "updates",
      "date": "September 22, 2018",
      "title": "Sigma PRO 3.1.5 update, news and support",
      "preview": "Lorem ipsum dolor sit amet, consectetur adipiscing elit. Sed dignissim eleifend vulputate. Cras molestie tellus id lacinia laoreet. Vestibulum rhoncus rhoncus sagittis. Curabitur ullamcorper dignissim lectus in sollicitudin.",
      "views": 149,
      "comments": 6,
      "likes": 56
    },
    {
      "id": "post0045",
      "link": "../posts/01_video_post.html",
      "img": "../assets/img/blog/19_blog_img_2.jpg",
      "category": "Tutorials",
      "type": "tutorials",
      "date": "September 15, 2018",
      "title": "How to Setup Sigma in 10 minutes (Video Tutorial)",
      "preview": "Lorem ipsum dolor sit amet, consectetur adipiscing elit. Sed dignissim eleifend vulputate. Cras molestie tellus id lacinia laoreet. Vestibulum rhoncus rhoncus sagittis. Curabitur ullamcorper dignissim lectus in sollicitudin. Morbi venenatis est ac nunc hendrerit, sed semper orci rutrum.",
      "views": 187,
      "comments": 0,
      "likes": 73
    },
    {
      "id": "post0046",
      "link": "../posts/02_gallery_post.html",
      "img": "../assets/img/blog/19_blog_img_3.jpg",
      "category": "Our Platform",
      "type": "our_platform",
      "date": "September 03, 2018",
      "title": "Sigma API Released v 3.0.2, Change IP Address Feature",
      "preview": "Lorem ipsum dolor sit amet, consectetur adipiscing elit. Sed dignissim eleifend vulputate. Cras molestie tellus id lacinia laoreet. Vestibulum rhoncus rhoncus sagittis. Curabitur ullamcorper dignissim lectus in sollicitudin. Morbi venenatis est ac nunc hendrerit, sed semper orci rutrum. Curabitur nulla ante, imperdiet sed...",
      "views": 214,
      "comments": 0,
      "likes": 103
    },
    {
      "id": "post0047",
      "link": "../posts/01_video_post.html",
      "img": "../assets/img/blog/19_blog_img_5.jpg",
      "category": "Tutorials",
      "type": "tutorials",
      "date": "September 01, 2018",
      "title": "Creating a superuser on your Sigma managed servers",
      "preview": "Lorem ipsum dolor sit amet, consectetur adipiscing elit. Sed dignissim eleifend vulputate. Cras molestie tellus id lacinia laoreet. Vestibulum rhoncus rhoncus sagittis. Curabitur ullamcorper dignissim lectus in sollicitudin. Morbi venenatis est ac nunc hendrerit, sed semper orci rutrum.",
      "views": 397,
      "comments": 27,
      "likes": 186
    },
    {
      "id": "post0048",
      "link": "../posts/02_gallery_post.html",
      "img": "../assets/img/blog/19_blog_img_6.jpg",
      "category": "Tutorials",
      "type": "tutorials",
      "date": "September 19, 2018",
      "title": "4 quick steps to backup web applications easily with Sigma PRO",
      "preview": "Lorem ipsum dolor sit amet, consectetur adipiscing elit. Sed dignissim eleifend vulputate. Cras molestie tellus id lacinia laoreet. Vestibulum rhoncus rhoncus sagittis.",
      "views": 412,
      "comments": 21,
      "likes": 154
    },
    {
      "id": "post0049",
      "link": "../posts/03_standard_post.html",
      "img": "../assets/img/blog/19_blog_img_4.jpg",
      "category": "Security",
      "type": "security",
      "date": "September 12, 2018",
      "title": "7 useful features on Sigma PRO you should be using everyday",
      "preview": "Lorem ipsum dolor sit amet, consectetur adipiscing elit. Sed dignissim eleifend vulputate. Cras molestie tellus id lacinia laoreet. Vestibulum rhoncus rhoncus sagittis.",
      "views": 364,
      "comments": 15,
      "likes": 145
    },
    {
      "id": "post0050",
      "link": "../posts/03_standard_post.html",
      "img": "../assets/img/blog/20_blog_img_2.jpg",
      "category": "Updates",
      "type": "updates",
      "date": "September 04, 2017",
      "title": "Introducing Sigma Backup and PRO 2.7.5 Changelog",
      "preview": "Lorem ipsum dolor sit amet, consectetur adipiscing elit. Sed dignissim eleifend vulputate. Cras molestie tellus id lacinia laoreet. Vestibulum rhoncus rhoncus sagittis. Curabitur ullamcorper dignissim lectus in sollicitudin. Morbi venenatis est ac nunc hendrerit, sed semper orci rutrum. Curabitur nulla ante, imperdiet sed...",
      "views": 214,
      "comments": 11,
      "likes": 103
    },
    {
      "id": "post0051",
      "link": "../posts/01_video_post.html",
      "img": "../assets/img/blog/20_blog_img_1.jpg",
      "category": "Security",
      "type": "security",
      "date": "September 16, 2017",
      "title": "Package update and Sigma PRO 2.8.0",
      "preview": "Lorem ipsum dolor sit amet, consectetur adipiscing elit. Sed dignissim eleifend vulputate. Cras molestie tellus id lacinia laoreet. Vestibulum rhoncus rhoncus sagittis. Curabitur ullamcorper dignissim lectus in sollicitudin. Morbi venenatis est ac nunc hendrerit, sed semper orci rutrum.",
      "views": 187,
      "comments": 9,
      "likes": 73
    },
    {
      "id": "post0052",
      "link": "../posts/03_standard_post.html",
      "img": "../assets/img/blog/19_blog_img_7.jpg",
      "category": "Tutorials",
      "type": "tutorials",
      "date": "September 21, 2017",
      "title": "How to install WordPress with Sigma",
      "preview": "Lorem ipsum dolor sit amet, consectetur adipiscing elit. Sed dignissim eleifend vulputate. Cras molestie tellus id lacinia laoreet. Vestibulum rhoncus rhoncus sagittis.",
      "views": 437,
      "comments": 16,
      "likes": 103
    },
    {
      "id": "post0053",
      "link": "../posts/01_video_post.html",
      "img": "../assets/img/blog/20_blog_img_1.jpg",
      "category": "Our Platform",
      "type": "our_platform",
      "date": "September 16, 2017",
      "title": "Package update and Sigma PRO 2.8.0",
      "preview": "Lorem ipsum dolor sit amet, consectetur adipiscing elit. Sed dignissim eleifend vulputate. Cras molestie tellus id lacinia laoreet. Vestibulum rhoncus rhoncus sagittis. Curabitur ullamcorper dignissim lectus in sollicitudin. Morbi venenatis est ac nunc hendrerit, sed semper orci rutrum.",
      "views": 187,
      "comments": 9,
      "likes": 73
    },
    {
      "id": "post0054",
      "link": "../posts/03_standard_post.html",
      "img": "../assets/img/blog/20_blog_img_2.jpg",
      "category": "Updates",
      "type": "updates",
      "date": "September 04, 2017",
      "title": "Introducing Sigma Backup and PRO 2.7.5 Changelog",
      "preview": "Lorem ipsum dolor sit amet, consectetur adipiscing elit. Sed dignissim eleifend vulputate. Cras molestie tellus id lacinia laoreet. Vestibulum rhoncus rhoncus sagittis. Curabitur ullamcorper dignissim lectus in sollicitudin. Morbi venenatis est ac nunc hendrerit, sed semper orci rutrum. Curabitur nulla ante, imperdiet sed...",
      "views": 214,
      "comments": 11,
      "likes": 103
    },
    {
      "id": "post0055",
      "link": "../posts/01_video_post.html",
      "img": "../assets/img/blog/20_blog_img_4.jpg",
      "category": "Tutorials",
      "type": "tutorials",
      "date": "September 18, 2017",
      "title": "How to easily install phpMyAdmin on Sigma",
      "preview": "Lorem ipsum dolor sit amet, consectetur adipiscing elit. Sed dignissim eleifend vulputate. Cras molestie tellus id lacinia laoreet. Vestibulum rhoncus rhoncus sagittis. Curabitur ullamcorper dignissim lectus in sollicitudin. Morbi venenatis est ac nunc hendrerit, sed semper orci rutrum.",
      "views": 397,
      "comments": 27,
      "likes": 186
    },
    {
      "id": "post0056",
      "link": "../posts/03_standard_post.html",
      "img": "../assets/img/blog/20_blog_img_2.jpg",
      "category": "Security",
      "type": "security",
      "date": "September 04, 2017",
      "title": "Introducing Sigma Backup and PRO 2.7.5 Changelog",
      "preview": "Lorem ipsum dolor sit amet, consectetur adipiscing elit. Sed dignissim eleifend vulputate. Cras molestie tellus id lacinia laoreet. Vestibulum rhoncus rhoncus sagittis. Curabitur ullamcorper dignissim lectus in sollicitudin. Morbi venenatis est ac nunc hendrerit, sed semper orci rutrum. Curabitur nulla ante, imperdiet sed...",
      "views": 214,
      "comments": 11,
      "likes": 103
    },
    {
      "id": "post0057",
      "link": "../posts/01_video_post.html",
      "img": "../assets/img/blog/20_blog_img_6.jpg",
      "category": "Updates",
      "type": "updates",
      "date": "September 26, 2017",
      "title": "Sigma PRO Update 2.4.0 (Major Updates)",
      "preview": "Lorem ipsum dolor sit amet, consectetur adipiscing elit. Sed dignissim eleifend vulputate. Cras molestie tellus id lacinia laoreet. Vestibulum rhoncus rhoncus sagittis. Curabitur ullamcorper dignissim lectus in sollicitudin. Morbi venenatis est ac nunc hendrerit, sed semper orci rutrum.",
      "views": 397,
      "comments": 27,
      "likes": 186
    }
  ]
}